,
left_black_car_convertible_above_stock_none_conv28.jpg
left_black_car_convertible_above_stock_none_conv5.jpg
left_black_car_convertible_average_stock_none_conv3.jpg
left_black_truck_2-door_above_lowered_none_truck15.jpg
left_black_truck_2-door_above_lowered_none_truck41.jpg
left_black_truck_4-door_average_stock_tint_truck37.jpg
left_black_van_sliding_above_lowered_tint_van41.jpg
left_black_van_sliding_above_lowered_tint_van46.jpg
left_black_van_sliding_average_stock_tint_van23.jpg
left_black_van_sliding_average_stock_tint_van34.jpg
left_blue_car_convertible_above_stock_none_conv16.jpg
left_blue_car_convertible_small_stock_none_conv25.jpg
left_blue_car_convertible_small_stock_none_conv29.jpg
left_blue_car_convertible_small_stock_none_conv33.jpg
left_blue_truck_2-door_above_lifted_tint_truck32.jpg
left_blue_truck_2-door_above_lowered_tint_truck46.jpg
left_blue_truck_2-door_small_stock_none_truck13.jpg
left_blue_truck_2-door_small_stock_none_truck19.jpg
left_blue_truck_4-door_average_stock_tint_truck4.jpg
left_blue_van_sliding_average_stock_tint_van3.jpg
left_blue_van_sliding_average_stock_tint_van7.jpg
left_burgandy_car_convertible_small_stock_none_conv27.jpg
left_gray_car_convertible_above_lowered_none_conv43.jpg
left_gray_car_convertible_above_stock_none_conv38.jpg
left_gray_car_convertible_above_stock_none_conv40.jpg
left_gray_car_convertible_average_lowered_none_conv49.jpg
left_gray_car_convertible_average_lowered_none_conv50.jpg
left_gray_car_convertible_average_stock_none_conv15.jpg
left_gray_truck_4-door_above_lifted_tint_truck33.jpg
left_gray_truck_4-door_above_lifted_tint_truck38.jpg
left_gray_truck_4-door_small_stock_none_truck1.jpg
left_gray_van_sliding_average_stock_tint_van5.jpg
left_green_truck_2-door_above_lowered_none_truck28.jpg
left_green_van_sliding_above_lowered_tint_van45.jpg
left_green_van_sliding_above_stock_tint_van14.jpg
left_green_van_sliding_average_stock_tint_van29.jpg
left_light blue_car_convertible_average_stock_none_conv2.jpg
left_orange_car_convertible_average_stock_none_conv22.jpg
left_purple_car_convertible_above_stock_none_conv6.jpg
left_red_car_convertible_above_lowered_none_conv45.jpg
left_red_car_convertible_above_lowered_none_conv48.jpg
left_red_car_convertible_above_stock_none_conv17.jpg
left_red_truck_2-door_above_lowered_none_truck29.jpg
left_red_truck_2-door_average_stock_none_truck20.jpg
left_red_truck_4-door_above_lifted_tint_truck34.jpg
left_red_truck_4-door_above_lifted_tint_truck40.jpg
left_red_truck_4-door_above_lowered_tint_truck42.jpg
left_red_truck_4-door_average_stock_tint_truck5.jpg
left_red_van_2-door_above_lowered_tint_van44.jpg
left_red_van_2-door_average_stock_none_van13.jpg
left_red_van_sliding_above_lowered_tint_van50.jpg
left_red_van_sliding_average_stock_none_van20.jpg
left_red_van_sliding_average_stock_tint_van15.jpg
left_red_van_sliding_average_stock_tint_van16.jpg
left_red_van_sliding_average_stock_tint_van18.jpg
left_silver_car_convertible_above_lowered_none_conv9.jpg
left_silver_car_convertible_above_stock_none_conv18.jpg
left_silver_car_convertible_average_stock_none_conv1.jpg
left_silver_car_convertible_average_stock_none_conv39.jpg
left_silver_truck_2-door_above_lowered_tint_truck43.jpg
left_silver_truck_2-door_small_stock_none_truck11.jpg
left_silver_truck_4-door_average_stock_none_truck10.jpg
left_silver_truck_4-door_small_stock_none_truck6.jpg
left_silver_van_sliding_above_lowered_tint_van48.jpg
left_silver_van_sliding_above_stock_none_van24.jpg
left_silver_van_sliding_above_stock_tint_van30.jpg
left_silver_van_sliding_average_stock_none_van38.jpg
left_silver_van_sliding_average_stock_tint_van10.jpg
left_silver_van_sliding_average_stock_tint_van26.jpg
left_silver_van_sliding_average_stock_tint_van31.jpg
left_silver_van_sliding_average_stock_tint_van36.jpg
left_silver_van_sliding_small_stock_tint_van32.jpg
left_tan_truck_2-door_average_lowered_tint_truck50.jpg
left_white_car_convertible_above_lowered_none_conv46.jpg
left_white_car_convertible_above_lowered_none_conv47.jpg
left_white_car_convertible_above_stock_none_conv7.jpg
left_white_car_convertible_average_stock_none_conv20.jpg
left_white_car_convertible_average_stock_none_conv26.jpg
left_white_car_convertible_small_stock_none_conv23.jpg
left_white_truck_2-door_above_lowered_tint_truck18.jpg
left_white_truck_2-door_above_stock_none_truck24.jpg
left_white_truck_2-door_above_stock_tint_truck26.jpg
left_white_truck_2-door_average_stock_none_truck23.jpg
left_white_truck_2-door_small_stock_none_truck17.jpg
left_white_truck_4-door_above_lifted_tint_truck39.jpg
left_white_truck_4-door_above_lifted_tint_truck7.jpg
left_white_truck_4-door_above_lowered_tint_truck44.jpg
left_white_truck_4-door_above_lowered_tint_truck45.jpg
left_white_truck_4-door_above_stock_none_truck27.jpg
left_white_truck_4-door_average_stock_none_.jpg
left_white_van_sliding_average_stock_none_van27.jpg
left_white_van_sliding_average_stock_none_van28.jpg
left_white_van_sliding_average_stock_none_van6.jpg
left_white_van_sliding_average_stock_tint_van19.jpg
left_white_van_sliding_average_stock_tint_van2.jpg
left_white_van_sliding_average_stock_tint_van4.jpg
left_yellow_car_convertible_average_lowered_none_conv32.jpg
left_yellow_car_convertible_average_stock_none_conv30.jpg
left_yellow_car_convertible_small_stock_none_conv21.jpg
right_auburn_van_sliding_average_stock_tint_van39.jpg
right_black_car_convertible_average_lowered_none_conv44.jpg
right_black_truck_2-door_above_lifted_none_truck35.jpg
right_black_truck_2-door_average_stock_none_truck21.jpg
right_black_truck_2-door_average_stock_tint_truck12.jpg
right_black_van_sliding_above_lowered_tint_van42.jpg
right_blue_car_convertible_above_lowered_none_conv41.jpg
right_blue_car_convertible_above_stock_none_conv35.jpg
right_blue_car_convertible_average_stock_none_conv4.jpg
right_blue_car_convertible_small_stock_none_conv34.jpg
right_blue_truck_2-door_above_lowered_none_truck48.jpg
right_blue_van_sliding_above_lowered_tint_van35.jpg
right_blue_van_sliding_above_lowered_tint_van49.jpg
right_brown_van_sliding_average_stock_none_van8.jpg
right_gold_van_sliding_average_stock_tint_van33.jpg
right_gold_van_sliding_small_stock_tint_van25.jpg
right_gray_car_convertible_average_stock_none_conv10.jpg
right_gray_truck_2-door_average_stock_tint_truck25.jpg
right_gray_truck_4-door_above_lowered_tint_truck49.jpg
right_gray_van_sliding_above_stock_tint_van37.jpg
right_green_car_convertible_average_stock_none_conv8.jpg
right_green_truck_2-door_above_lowered_tint_truck47.jpg
right_green_van_sliding_average_stock_none_van1.jpg
right_red_car_convertible_average_stock_none_conv14.jpg
right_red_car_convertible_small_stock_none_conv19.jpg
right_red_car_convertible_small_stock_none_conv31.jpg
right_red_truck_2-door_above_stock_tint_truck14.jpg
right_red_truck_2-door_small_stock_none_truck16.jpg
right_red_truck_4-door_average_stock_tint_truck9.jpg
right_silver_car_convertible_above_stock_none_conv36.jpg
right_silver_car_convertible_average_lowered_none_conv37.jpg
right_silver_car_convertible_average_stock_none_conv11.jpg
right_silver_truck_2-door_average_stock_none_truck22.jpg
right_silver_van_2-door_above_lowered_none_van47.jpg
right_silver_van_sliding_above_stock_tint_van22.jpg
right_silver_van_sliding_average_stock_none_van12.jpg
right_silver_van_sliding_average_stock_none_van21.jpg
right_silver_van_sliding_average_stock_tint_van11.jpg
right_silver_van_sliding_average_stock_tint_van17.jpg
right_silver_van_sliding_average_stock_tint_van40.jpg
right_white_car_convertible_above_lowered_none_conv42.jpg
right_white_car_convertible_above_stock_none_conv13.jpg
right_white_car_convertible_small_stock_none_conv12.jpg
right_white_car_convertible_small_stock_none_conv24.jpg
right_white_truck_4-door_above_lifted_tint_truck36.jpg
right_white_truck_4-door_above_stock_tint_truck2.jpg
right_white_truck_4-door_average_stock_tint_truck3.jpg
right_white_van_sliding_above_lowered_tint_van43.jpg
right_white_van_sliding_small_stock_tint_van9.jpg
right_yellow_truck_2-door_above_lowered_tint_truck30.jpg
right_yellow_truck_2-door_average_stock_none_truck31.jpg
